{
  "schemaVersion": 1,
  "id": "mooblooms",
  "version": "${version}",

  "name": "Mooblooms",
  "description": "A mod adding colorful and flowery cows. Moo!",
  "authors": [
    "YanisBft"
  ],
  "contact": {
    "homepage": "https://www.curseforge.com/minecraft/mc-mods/mooblooms",
    "sources": "https://github.com/YanisBft/Mooblooms",
    "issues": "https://github.com/YanisBft/Mooblooms/issues"
  },

  "license": "LGPLv3",
  "icon": "assets/mooblooms/icon.png",

  "environment": "*",
  "entrypoints": {
    "client": [
      "com.yanisbft.mooblooms.MoobloomsClient"
    ],
    "main": [
      "com.yanisbft.mooblooms.Mooblooms"
    ],
    "modmenu": [
      "com.yanisbft.mooblooms.config.ModMenuIntegration"
    ]
  },

  "depends": {
    "fabricloader": ">=0.14.8",
    "fabric": "*",
    "minecraft": ">=1.19"
  }
}
